Científicas;Año nacimiento;Fecha;Bio;Especialidad;Cartel;Año;Otros Carteles;Instagram;Pais;Wikipedia

Blanche Ames Ames (18 de Febrero de 1878 – 2 de Marzo de 1969);1878;2-mar;Blanche Ames Ames (February 18, 1878 – March 2, 1969) was an American artist, political activist, inventor, writer, and prominent supporter of women's suffrage and birth control. Ames held patents for inventions which included a hexagonal lumber cutter and a method for entrapping enemy aircraft.During World War II, Ames came across the realization that thread could snarl and jam a sewing machine motor, Blanche then used that same principle to design a device to ensnare low-flying aircraft. The machine was demonstrated on the lawn at Borderland for guests from the Pentagon. Although it was accepted by the U.S. Army, it came too late for it to be applied in war.In the early 1910s Ames' brother, Adelbert Ames, Jr., a scientist particularly interested in vision, moved into her studio for painting lessons. With her brother Ames began to develop a color notation system more extensive than the Munsell color system. Together the two created coded color swatches which corresponded to particular tubes of paint. The artist would use these swatches to select the most realistic colors and the codes would be mapped out on a drawing before the paint was applied. Blanche Ames Ames first put this system to use in a painting in 1912. She continued to use this color notation after her collaboration with her brother had concluded;inventora;no;Marzo;-;-;EEUU;-

Ángela Nieto (1 marzo de 1960);1960;1-mar;Un 1 de marzo nació en Madrid la bióloga molecular ÁNGELA NIETO TOLEDANO (1960) que descubrió, con su equipo, que la movilidad celular se produce gracias a la expresión de unos genes que dirigen la formación de distintos tejidos y órganos en el embrión y se activan patológicamente en distintas enfermedades. Se licenció en Ciencias y doctoró en Bioquímica y Biología Molecular en la Universidad Autónoma de Madrid (1987). En 1988 entró en el Instituto de Investigaciones Biomédicas AS (Madrid). Luego se unió al National Institute for Medical Research (Londres) y trabajó en el aislamiento de genes implicados en el desarrollo del sistema nervioso. En 1993 volvió a Madrid al Instituto Cajal-CSIC. En 2000 fue elegida directora del Dept. de Neurobiología del Desarrollo. En 2004 se trasladó con su grupo al Instituto de Neurociencias CSIC-UMH en Alicante como directora de la Unidad de Neurobiología del Desarrollo hasta 2016. Ha identificado genes y mecanismos para la formación de órganos y demostrado que la reactivación de genes embrionarios en el adulto provoca enfermedades como la progresión del cáncer, la fibrosis o defectos en el crecimiento y la mineralización de los huesos. Estudia mecanismos de plasticidad celular en fisiología y en enfermedades asociadas al envejecimiento. Es miembro de la Organización Europea de Biología Molecular, de la Academia Europea y de las de Ciencias de España, Francia y Latinoamérica. Fue presidenta de la Sociedad Española de Biología del Desarrollo y de la Internacional. Hoy es vicepresidenta del Consejo del Laboratorio Europeo de Biología Molecular. Entre sus premios destacan el de la Fundación Carmen y Severo Ochoa 2004, el Francisco Cobos a la Investigación Biomédica 2005, Alberto Sols a la mejor labor investigadora 2008, Rey Jaime I en Investigación Básica (2009), a la Investigación Básica en Nefrología 2016, ASEICA a la Investigación del Cáncer 2018, el Nacional de Investigación ‘Santiago Ramón y Cajal’ de Biología 2019, el Grisolía y el L’Oreal-UNESCO for Women in Science Europe 2022. Cartel hecho por @pilar_terron #ÁngelaNieto #BiologíaMolecular #Cáncer #womeninsteam #NoMoreMatildas #mujeresconciencia #concieMcia #taldíacomohoy ;NeuroBióloga, bióloga molecular;si;Marzo;-;-;España;-

Charlotte Moore Sitterly ( 24 de septiembre de 1898- 3 de marzo de 1990);1898;3-mar;Charlotte Emma Moore Sitterly ( 24 de septiembre de 1898- 3 de marzo de 1990) Un 3 de marzo fallece Charlotte Moore Sitterly (1898-1990). Astrónoma. Conocida por sus extensos estudios espectroscópicos del Sol y elementos químicos. Sus tablas de espectros atómicos y niveles de energía han sido referencias esenciales en espectroscopía durante décadas y todavía se utilizan regularmente. Una de sus contribuciones más relevantes a la física fue la identificación del tecnecio en la luz solar, el primer ejemplo de tecnecio natural. En 1990 ganó la Bruce Medal otorgada por la Astronomical Society of the Pacific;Astrofísica;no;Marzo;-;-;EEUU;-

Aida Fernández Ríos (4 de marzo 1947- 22 de diciembre de 2015);1947;4-mar;Un 4 de marzo nació una de las principales expertas europeas sobre la acidificación marina, la bióloga y oceanógrafa AIDA FERNÁNDEZ RÍOS (1947-2015). Nació en Vigo, España. Comenzó estudiando en la Escuela de Comercio de Vigo, pero por cuestiones familiares tuvo que dejarlo y ponerse a trabajar en una imprenta. Gracias al apoyo familiar finalizó sus estudios de peritaje mercantil y francés en la Alianza francesa donde conoció a una investigadora del Instituto de Investigaciones Pesqueras (IIP-CSIC, hoy IIM-CSIC) que la animó a presentarse como ayudante. Aprobó el examen y, en 1972, empezó de ayudante de laboratorio en el IIP de Vigo. Compaginó su trabajo con sus estudios de biología en Vigo y en 1992 se doctoró en la Universidad de Santiago. Participó en más de 50 proyectos de investigación, realizando estancias en centros internacionales como el James Rennel for Ocean Circulation (Southhampton), el Laboratoire de Physique des Océans en Brest o el Brookhaven National Laboratrory en Long Island. Participó en 30 campañas oceanográficas, siendo la directora en 5 de ellas. Investigó en las consecuencias de las emisiones de CO2 y sobre la profundidad del océano y los cambios que ocurren en su PH. En 2001 fue galardonada con el premio Galega Destacada por toda su carrera científica. El 6 de junio de 2015 fue la 3ª mujer que ingresó en la Real Academia Gallega de Ciencias (RAGC). Murió en un accidente de coche en Moaña el 22 de diciembre de 2015. En 2016, la Universidad de Alicante estableció el Premio Aida Fernández Ríos en honor a ella y para conceder a la mejor presentación oral hecha en el Simposio Internacional de Ciencias del Mar SIQUIMAR. En 2020 la RAGC y la Diputación de Pontevedra organizaron la I Edición del Ciclo de Conferencias Aida Fernández Ríos, para difundir la ciencia y la tecnología y promocionar la labor científica realizada en Galicia. Cartel hecho por @pilar_terron #AidaFernándezRíos #oceanografía #biología #Oceánicas #MujeresEnCiencia #womeninsteam #NoMoreMatildas #mujeresconciencia #concieMcia #TaldíaComoHoy ;Oceanógrafa, Bióloga;si;Marzo;-;-;España;-

Christine Ladd-Franklin (1 de diciembre de 1847-5 de marzo de 1930);1847;5-mar;Christine Ladd-Franklin (1 de diciembre de 1847-5 de marzo de 1930) fue una psicóloga, lógica y matemática estadounidense.;Matemática, Psicóloga;no;Marzo;-;-;EEUU;-

Carolyn C. Porco (6 marzo 1953);1953;6-mar;"Un 6 de marzo nació la científica planetaria experta en imágenes del sistema solar exterior, Carolyn C. Porco (1953). Nació en el Bronx, Nueva York, EEUU, la única chica de 5 hermanos. Se licenció en Física y Astronomía con una beca en la Universidad Estatal de Nueva York (1974) y se doctoró en el Instituto de Tecnología de California en Ciencias Geológicas y Planetarias en 1983. La sonda Voyager estaba volando alrededor de Saturno, y ella formaba parte del equipo de imagen de esta misión. Trabajó en la misión conjunta de la NASA/ESA Cassini-Huygens para explorar Saturno y sus satélites y en la misión Voyager, en la misión Cassini (donde se descubrió la existencia de océanos de agua en Encélado, satélite de Saturno) y en la misión ""New Horizons"" (dirigida a la exploración de Plutón y el Cinturón de Kuiper). Fue la 1ª persona en trabajar con la información relativa a los anillos excéntricos de Saturno y en los ""spokes"" del anillo B. Al final de 1983, se unió al Dept. de Ciencias Planetarias en la Universidad de Arizona y se convirtió en miembro del equipo de imágemes de la misión Voyager. Participó como líder en los descubrimientos de la Voyager sobre Urano (1986) y Neptuno (1989). Es una experta en anillos planetarios y en la luna de Saturno Encélado. Participó en la producción de algunas de las más icónicas imágenes del espacio, como el ""Pálido punto azul"" (Pale Blue Dot) tomada por la Voyager 1. Trabajó como consultora científica en películas como Star Trek y como analista y consultora de astronomía para la CNN. Es la creadora y editora del sitio web del equipo CICLOPS, donde se publican imágenes de la misión Cassini. En 2010, fue galardonada con la Medalla Carl Sagan a la Excelencia en Comunicación Pública de Ciencia Planetaria. En 2012, fue nombrada una de las 25 personas más influyentes sobre el espacio por la revista Time. Es miembro de la Academia de Ciencias en California. Cartel hecho por @pilar_terron#CarolyPorco #Física #Astronomía #astrofísica #SheStem #womeninstem #MujeresEnCiencia #womeninsteam #girlsinstem #girlsinscience #NoMoreMatildas #mujeresconciencia #concieMcia";Astrónoma;si;Marzo;-;-;EEUU;-

Anna Margaret Mullikin (7 de marzo de 1893-24 de agosto de 1975);1893;7-mar;"Un 7 de marzo nació la matemática pionera en el campo de la topología ANNA MARGARET MULLIKIN (1893-1975). Tras graduarse en matemáticas en Groucher, su carrera se desarrolló en una escuela de secundaria para niñas, la Science Hill School en Kentucky durante 2 años y en el Seminario Mary Baldwin en Virginia (que entonces era una escuela secundaria para mujeres que en 1923 se convirtió en Mary Baldwin College). En 1918 ingresó al programa de posgrado en matemáticas de la Universidad de Pensilvania y obtuvo su maestría en 1919. Continuó sus estudios de posgrado en Penn bajo la dirección del topólogo Robert L. Moore, al mismo tiempo que enseñando en la Escuela Stevens en Germantown, Pensilvania (también para niñas). En otoño de 1920 se mudó a la Universidad de Texas junto con Moore, quien había convencido al departamento de matemáticas de Texas para que la nombrara instructora. Mullikin se quedó en Texas solo un año académico antes de regresar a Filadelfia para completar los requisitos para obtener su título de la Universidad de Pensilvania. Recibió su Ph.D. en matemáticas en 1922 con una disertación sobre ""Ciertos teoremas relacionados con conjuntos de puntos planos conectados"". Fue la tercera estudiante de tesis de Moore. Su tesis fue publicada en Transactions of the American Mathematical Society convirtiéndose en un trabajo de referencia en el campo de la topología general. Al acabar su carrera continuó como profesora de matemáticas en escuelas de secundaria para niñas, primero en William Penn High School for Girls en Filadelfia durante un año y luego en Germantown High School, donde permaneció hasta su jubilación en 1959. Fue nombrada directora del departamento de matemáticas en 1952. En 1956 fue autora conjunta con Ethel y Ewart Grove del libro de texto Álgebra y su uso”. Los tres también publicaron en 1961 “Matemáticas básicas”. Dicen que era una profesora que alentaba a sus alumnas a estudiar matemáticas Falleció un 24 de agosto de 1975. Cartel hecho por @pilar_terron #AnnaMargaretMullikin #Educadora #Matemáticas #Topografía #womeninsteam #womenInMaths #NoMoreMatildas #mujeresconciencia #concieMcia #taldíacomohoy ";Matemática, Geómetra, topología;si;Marzo;-;-;EEUU;-

Beatrice (Tilly) Shilling (8 de marzo de 1909 - 18 de noviembre de 1990);1909;8-mar;El 8 de marzo de 1909, nace Beatrice Shilling (1909-1990). Ingeniera aeronáutica británica. Durante la Segunda Guerra Mundial ideó el conocido como «orificio de Miss Shilling», un pequeño disco de metal similar a una arandela clave para el buen funcionamiento de los cazas británicos durante la Segunda Guerra Mundial.​ Este invento salvó muchas vidas de pilotos de combate.;Ingeniera aeronáutica;no;Marzo;-;-;Inglaterra;-

Agnes Sime Baxter (18 de Marzo de 1870 – 9 de marzo de 1917);1870;9-mar;AGNES SIME BAXTERUn 9 de marzo falleció la matemática y física canadiense Agnes Sime Baxter (1870-1917). Fue la primera mujer en obtener un título con honores en la Universidad de Dalhousie donde recibió varios premios incluida la Medalla de oro Sir William Young por el más alto nivel en matemáticas y física matemática por lo que le fue concedida una beca para la realización del doctorado en la Universidad de Cornell en Nueva York. Allí se convirtió en la segunda mujer canadiense y la cuarta en América del Norte en recibir un doctorado en matemáticas en 1895 con la tesis titulada “En las integrales abelianas, un resumen de Neumann's 'Abelsche Integrele' con comentarios y aplicaciones”. Tras su matrimonio, Baxter decidió renunciar a su prometedora carrera en matemáticas para apoyar la carrera académica de su marido. Sin embargo, la Universidad en la que estudió reconoció el trabajo de esta matemática inaugurando el 15 de marzo de 1988 la sala de lectura Agnes Baxter del Departamento de Matemáticas, Estadística y Ciencias de la Computación de la Universidad de Dalhousie en una ceremonia. Cartel hecho por @pilar_terron#AgnesBaxter #Matemáticas #SheStem #womeninstem #MujeresEnCiencia #womeninsteam #girlsinstem #girlsinscience #NoMoreMatildas #mujeresconciencia #concieMcia;Matemática;si;Marzo;-;-;Canadá;-

Alyssa Carson (10 marzo 2001);2001;10-mar;Un 10 de marzo nace Alyssa Carson. Con 3 años ya quería ser astronauta. Con 5 hizo su primer campamento espacial. Con 16 fue la estudiante más joven en completar programa espacial avanzado de la NASA. En 2030 quiere ir a Marte.;Ingeniera aeronáutica, Astronauta;no;Marzo;-;-;EEUU;-

Ángela Manuela Pardo Celada (11 de marzo de 1904 -25 de septiembre de 1988);1904;11-mar;La primera mujer en doctorarse en medicina, Ángela Manuela Pardo Celada, nació en Becerreá el 11 de marzo de 1904 y murió el 25 de septiembre de 1988. Su padre, José Pardo Alfonso, nacido en Neira de Xusá (Lugo) era médico ginecólogo y su madre María Luísa Celada López, de Fuentelsaz (Guadalajara), era ama de casa. El matrimonio tuvo cuatro hijas y todas tenían carreras profesionales, no siendo Eulalia: María del Carmen era maestra y licenciada en Filosofía además de bibliotecaria, María Luísa trabajaba como maestra en prisiones y María Teresa sería enfermera y matrona en Lugo.Ángela estudió la enseñanza primaria en Lugo y el bachillerato en el Instituto Nacional de Segunda Enseñanza mediante enseñanza no universitaria entre 1914 y 1919, aunque el curso de 1919 a 1920 lo hizo siguiendo la enseñanza oficial. En ese momento, según la foto de fin de bachillerato, en la que aparecen con sus dos profesores, los alumnos eran quince hombres y dos mujeres. Su historial es excelente. Se trasladó a Madrid en 1920 y comenzó a estudiar odontología, aunque al año siguiente cambió de medicina. Se graduó en el año académico de 1927. Durante su etapa como estudiante en la Residencia Señoritas. Trece mujeres iniciaron su promoción en la Facultad de Medicina de Madrid, una de las cuales abandonó los estudios en primer año, cuatro no continuaron, por lo que solo se graduaron ocho, según el mismo informe en una entrevista publicada por El Progreso el 5 de septiembre de 1982. Realizó sus estudios de doctorado en el laboratorio de la Facultad de Medicina y presentó su tesis años después con el título: Contribución al estudio del colesterol en el embarazo, parto y posparto enfermedades normales, patológicas y generales relacionadas con el embarazo, con la que obtuvo Sobresaliente. calificación. El acto de presentación y defensa del informe de tesis es el 13 de julio de 1940. Sin embargo, el título se expidió dos años después, el 17 de abril de 1942, y seguramente la causa fue el precio del depósito del título -592 pesetas-, que en ese momento era una cantidad considerable, sin contar el costo de la matrícula. Llegó a ser, en ese momento, la primera Doctora en Medicina de Lugo y casi la única de la profesión médica en toda la provincia y en Galicia.En 1927, al final de su carrera, comienza a trabajar como médico en la Residencia de Señoritas de Madrid y trabaja en el hospital y laboratorio de la Facultad de Medicina, especializándose en Ginecología.En 1930 se fue a Alemania, donde pasó un año becado por la JAE en Hamburgo, la Facultad y el Hospital Eppendorf, formándose con los profesores Heynemans y Roedelins.De regreso a Madrid volvió a trabajar como médico adjunto en el Laboratorio de Fisiología con el Dr. Juan Negrín y fue Inspectora de Sanidad local. Fue médica interina del Hospital San Carlos durante tres años, médica asistente del Dr. Manuel Varela Radio, profesora de obstetricia en la Universidad Central, Hospital San Carlos y Maternidad Santa Cristina. En 1932 solicitó plaza de obstetra en el Hospital Santa María de Lugo. No consiguió el puesto, a pesar de ser una candidata muy preparada y con un buen currículum. Según informó el diario El Progreso, el 22 de noviembre de 1932, la resolución fue un escándalo. Finalmente, se establece en Lugo en 1937 con una consulta privada en la segunda planta del edificio número 30 de la Rúa de San Pedro. En 1940 se traslada al primer piso de la calle General Franco nº 5, donde permanece antes de instalarse definitivamente en Campo Castelo, nº 7-1, hasta su jubilación. Trabajaba en la sala de maternidad de un dispensario de la calle 18 de Julio, ahora Camino Real. En septiembre de 1937 solicitó al Presidente de la Diputación Provincial de Lugo la prestación gratuita de servicios en la Casa de Maternidad y Expósitos de Lugo como médico adjunto en su calidad de cirujano especialista en partos y enfermedades de la mujer y en pacientes pediátricos, lo que se otorga sin nombramiento ni efecto económico, ni reconocimiento de méritos. Más tarde, en noviembre de 1940, solicitó una ayuda económica. Más tarde pasó a formar parte del equipo de profesionales médicos de la institución. Como vemos en una foto de esa época, ella era la única mujer del equipo médico.Preocupada por la situación de la mujer y la búsqueda de que tuvieran estudios superiores, en 1937 organiza un curso como maestra de enfermería según informa El Progreso el 16 de febrero de 1937 y lo repite en 1939. Participa como maestra en el 1º Curso de Iniciación a la Puericultura para señoras y señoritas, organizado por la Inspección Provincial de Sanidad de Lugo, según noticia de El Progreso del 19 de junio de 1938 que incluye un resumen de la intervención del Dr. Pardo Celada. Fue Ginecóloga de la Seguridad Social en el Hospital General de Lugo, donde llegó a ser Jefa de Servicio hasta su jubilación.Trabajaba en la sala de maternidad de un dispensario de la calle 18 de Julio, hoy Camino Real. En septiembre de 1937 solicitó al Presidente de la Diputación Provincial de Lugo la prestación gratuita de servicios en la Casa de Maternidad y Expósitos de Lugo como médico adjunto en su calidad de cirujano especialista en partos y enfermedades de la mujer y en pacientes pediátricos, lo que se otorga sin nombramiento ni efecto económico, ni reconocimiento de méritos. Más tarde, en noviembre de 1940, solicitó una ayuda económica. Más tarde pasó a formar parte del equipo de profesionales médicos de la institución. Como vemos en una foto de esa época, ella era la única mujer del equipo médico.Como conocedora del idioma alemán durante su estancia en Hamburgo en 1930, trabajó como profesora ayudante de alemán en el curso académico de 1940 en el Instituto Masculino de Lugo. Participó en las jornadas de ginecología gallega donde conoció a Olimpia Valencia López, natural de Ourense y ginecóloga en Vigo.Su trayectoria profesional ha sido silenciada durante años, y no figura entre los profesionales médicos de Lugo a pesar de ser la primera mujer ginecóloga y doctora en Medicina, tal y como muestra en la foto con compañeros del Hospital Provincial e incluso en el homenaje que se le dedica. su jubilación, donde sigue figurando como única mujer. Por ello, era necesario estudiar y reconocer la importante labor realizada por este gran profesional para que, finalmente, se reconozcan sus méritos.Precursora en todos los campos, se preparó leyendo revistas científicas y asistiendo a congresos de su especialidad en los que presentó algunos trabajos científicos. E incluso en un momento en que necesitaba atención médica específica, no dudó en partir hacia Alemania para someterse a una cirugía y seguir una terapia innovadora.En una entrevista a Carmen de Jesús en el diario El Progreso, publicada el 5 de septiembre de 1982, comenta la situación de la mujer en España y Lugo, habla de su vocación y cómo el ejemplo de los dos primeros médicos gallegos de la época, así como de su propio padre, la animó a estudiar Medicina.En cuanto a su calidad humana, destaca por su generosidad al ofrecerse gratuitamente como ginecóloga y puericultora en el Hospital Materno Infantil de Lugo y en la atención de partos en domicilios particulares. Era una persona simpática, trabajadora, discreta y muy cariñosa con los niños y niñas. Fue una de las primeras mujeres en usar pantalones, con las connotaciones que esto tenía en una sociedad provinciana y las críticas que despertaba. También fue uno de los primeros en montar en bicicleta y conducir un coche, un seiscientos.A los ochenta años se mantuvo muy activa y asistía a conferencias, yoga y frecuentaba vinos con sus compañeros de clase. También disfrutó de la vida del campo, disfrutando de la casa de la zona de Fingoi de Lugo y de las fincas de esa zona rural.;Médica pionera;no;Marzo;-;-;España;-

Abla Mehio Sibai;-;12-mar;Abla Mehio Sibai es una epidemióloga libanesa. Enseña en la Facultad de Ciencias de la Salud de la Universidad Americana de Beirut.1​ En 2020, recibió el Premio L'Oréal-Unesco a Mujeres en la Ciencia. Sibai defendió su tesis doctoral en 1997 en la Escuela de Higiene y Medicina Tropical de Londres.Con Cynthia Myntti, cofundó la Universidad para Mayores de la UAB en 2010.Es autora de más de 250 artículos e informes, principalmente sobre envejecimiento y personas mayores.El 12 de marzo de 2020, recibió el Premio L'Oréal-Unesco a Mujeres en la Ciencia por su trabajo pionero y su compromiso con la mejora del envejecimiento saludable en países de ingresos bajos y medianos y por su impacto en políticas y programas sanitarios y sociales.​;epidemióloga;no;Marzo;-;-;Líbano;-

Chika Stacy Oriuwa (13 de marzo de 1993);1993;13-mar;"Un 2 de junio de 2020, la médica y defensora contra el racismo sistémico en el cuidado de la salud CHIKA STACY ORIUWA se graduó en la Universidad de Toronto como valedictorian. Su trabajo contra del racismo en la educación médica fue reconocido por Mattel, quien creó una Barbie en su honor.Nació un 13 de marzo en Ontario, Canadá. Sus padres emigraron de Nigeria a Canadá en la década de 1980.Tras licenciarse en Ciencias de la Salud en la Universidad McMaster, se tomó un año sabático para enfocarse en la poesía.En 2016, comenzó una licenciatura combinada en medicina y una Maestría en Ciencias en la Facultad de Medicina de la Universidad de Toronto, donde fue la 1ª valedictorian femenina negra en solitario y la 1ª mujer en 14 años.En 2017, se convirtió en embajadora y cara pública del Programa de Solicitud de Estudiantes Negros (BSAP) de la Universidad de Toronto que busca aumentar la representación de estudiantes negros.Durante la escuela de medicina, Oriuwa cofundó la Asociación de Estudiantes Interprofesionales Negros (BIPSA) para conectar a los estudiantes en los programas de posgrado. Además, trabajó como asesora estratégica y escritora colaboradora de Healthy Debate, una plataforma de periodismo sobre atención médica.En 2018, pronunció el discurso de apertura ""Prosperando en las intersecciones: ser una mujer negra en medicina"" en el Women's College Hospital para el Día Internacional de la Mujer y fue oradora en el International Women and Children's Health de 2018 y en otras conferencias.Usando la poesía como una vía de escape y una forma de defensa contra el racismo, creó un video titulado ""Mujer, negra"" durante su 2º año en la escuela de medicina.Hoy es residente de psiquiatría en la Universidad de Toronto.Es codirectora de una organización de liderazgo juvenil sin fines de lucro llamada Uflow, y formó parte del Comité Directivo de Implementación Externa del Ministro de Servicios para Niños y Jóvenes para dar forma al Plan de Acción para Jóvenes Negros de Ontario.Cartel hecho por @pilar_terron#ChikaStacyOriuwa#Medicina#Barbie#MujeresEnCiencia#womeninsteam#NoMoreMatildas#mujeresconciencia#concieMcia#taldíacomohoy";Médica;si;Marzo;Cartel el 2 de junio;-;Canadá;-

Dorothea Pertz (14 de marzo de 1859-6 de marzo de 1939);1859;14-mar;Dorothea Pertz (14 de marzo de 1859-6 de marzo de 1939). La botánica Dorothea Pertz (1859-1939) nació un 14 de marzo.DORA PERTZ, fallecida el 6 de marzo, pocos días antes de cumplir ochenta años, nació en 1859 en un medio intelectual cosmopolita, al que hoy sería difícil encontrar un paralelo. Su padre era el Dr. G. H. Pertz, un erudito de renombre mundial y bibliotecario real en Berlín. Su primera esposa fue una brillante inglesa, que contaba entre sus amigos a Sismondi y Lafayette. Su segunda esposa, la madre de Dora, también inglesa, formaba parte de un notable grupo de hermanas, las seis hijas de Leonard Homer, uno de los primeros miembros prominentes de la Sociedad Geológica, y dos veces su presidente. Evidentemente, era un hombre de una amplitud de miras inusual, ya que aunque nació en una fecha tan remota como 1785, tenía la mente lo suficientemente abierta como para elogiar las especulaciones de Darwin en su último discurso a la Sociedad Geológica en 1861. La hija mayor de Homer estaba casada. a Sir Charles Lyell, y su segunda hija a Sir Charles J. F. Bunbury, un botánico que, bajo la influencia de Lyell, centró su atención en las plantas fósiles.Fue coautora de varios artículos con Francis Darwin, el hijo de Charles Darwin. También colaboró con el genetista William Bateson, con el que publicó un trabajo sobre la herencia en el género Veronica. Publicó otros dos artículos de manera independiente.Ilustró algunos artículos de su amiga Edith Rebecca Saunders sobre anatomía floral.Fue elegida miembro de la Sociedad Linneana de Londres, siendo entre las primeras mujeres admitidas con afiliación plena. ​;Botánica;no;Marzo;-;-;Inglaterra;-

Claudia Perandones (15 de marzo de 1991);1991;15-mar;Claudia Perandones (15 de marzo de 1991) Claudia Perandones es Médica, Especialista en Genética Médica, tiene un Máster en Biología Molecular e Ingeniería Genética, y es Doctora en Ciencias Bioestructurales.DEsde el 4 de abril del 2020 es la Directora Científico Técnica del Instituto Nacional de Enfermedades Infecciosas de la ANLIS (Administración Nacional de Laboratorios e Institutos de Salud) Malbrán. Dirige un equipo científico de 25 profesionales -en su mayoría mujeres-, que logró en solo seis días secuenciar en forma completa el genoma del virus SARS-CoV-2. Un logro muy importante que permitió que Argentina ingresara los primeros días de marzo al mapa global de las ciencias gracias a la calidad del secuenciamiento, facilitando que tales hallazgos puedan ser comparados con los genomas identificados por otros pocos países.Tal noticia dio lugar a la visita inmediata del Presidente de la Nación, Alberto Fernández, motivo de orgullo para todo el equipo del Instituto ANLIS, ya que nunca antes habían recibido una visita presidencial. Sin lugar a dudas, un reconocimiento y un estímulo sin precedentes en 104 años de historia de la institución.“No siempre el poder tiene que tener un envase masculino, y eso es algo que tuve que aprender yo misma porque parece más fácil pensar que los directores tenían que ser hombres porque ellos le dan más fuerza, más carácter e ímpetu al ejercicio del poder. Pero creo que cuando una se convence a una misma, puede liderar al resto. Y hay que convencer a otras mujeres también. Y las que ya hemos llegado tenemos la obligación de abrir camino para las niñas y jóvenes, de hacérselo más fácil compartiendo la fortaleza, seguridad y autoestima”.La Dra. Perandones cuenta que tuvo que desenvolverse en ámbitos académicos y laborales mayoritariamente masculinizados y muy machistas. Durante su etapa en la Universidad la mayoría de los profesores eran hombres y advertía cómo las grandes expectativas profesionales estaban siempre puestas en ellos, de quienes se esperaba que fueran cardiólogos, neurocirujanos, mientras que se esperaba que las mujeres se ocuparan de ciencias médicas de menor trascendencia. Cuenta que incluso en su familia el sesgo de género ya estuvo presente durante su infancia. Las expectativas familiares eran que su hermano se convirtiera en médico y ella en maestra de pre-escolar. La realidad es que esa niña se convirtió en una médica genetista prestigiosa en la respuesta a problemas como las enfermedades raras y el brote SARS-CoV-2, entre otras cosas.Respecto al liderazgo de las mujeres, señala: “Pareciera que las mujeres somos más empáticas a valorar el cuidado, la salud, antes que las economías. Por lo general, cuando las decisiones sobre esta pandemia estuvieron a cargo de las mujeres la perspectiva ha ido en esa dirección. Y esto puede responder a que las mujeres somos más capaces de ponernos en el lugar del otro”.;Médica, Genetista;no;Marzo;-;@leyda_rimarachin;-;-

Charlotte Auerbach (14 de mayo de 1899 - 17 de marzo de 1994);1899;17-mar;Un 14 de mayo nació la genetista y zoóloga que contribuyó al descubrimiento de la mutagénesis y de sus efectos Charlotte Auerbach (1899-1994). Esta alemana se hizo célebre en 1942 cuando puso de manifiesto, junto a Alfred Joseph Clark y John Michael Robson, que el gas mostaza podía causar mutaciones en la mosca de la fruta Drosophila melanogaster.Su padre era químico, su tío físico y su abuelo anatomista. Estudió biología y química en las universidades de Wurtzbourg, Friburgo y Berlín. Empezó a trabajar como docente en Heidelberg (1924), luego en Frankfurt. Comenzó el doctorado en el Instituto de biología Kaiser Wilhelm en embriología experimental bajo la dirección de Otto Mangold, pero, en 1929 abandonó pues su director se había unido al partido nazi y ella era de familia judía. Retoma su plaza de profesora de biología en Berlín, hasta que las leyes nazis le prohíben el ejercicio del oficio de profesora y emigra a Edimburgo donde se doctoró en 1935. Obtuvo la nacionalidad británica en 1939. Autora de casi un centenar de artículos científicos y miembro de la Sociedad Real de Edimburgo así como de la Sociedad Real de Londres, Lotte fue galardonada con la Darwin Medal de la Royal Society de Londres en 1976 en reconocimiento por su descubrimiento y continuo trabajo sobre la mutagénesis química y con Premio del Instituto de la Vida-EDF (1982) y el Gregor Mendel Preis (1986). MAdre de la mutagénesis químicaCartel hecho por @pilar_terron# LotteAuerbach #Genetista #zoología #SheStem #womeninstem #MujeresEnCiencia #womeninsteam #girlsinstem #girlsinscience #NoMoreMatildas #mujeresconciencia #concieMcia #taldíacomohoy;Zoóloga, Genetista;si;Marzo;Cartel el 14 de mayo;-;Alemania;-

Encarnación Cabré Herreros (21 de marzo de 1911 – 18 de marzo de 2005);1911;18-mar;Encarnación Cabré Herreros (Madrid, 21 de marzo de 1911 – Madrid, 18 de marzo de 2005) Encarnación Cabré Herreros (Madrid, 21 de marzo de 1911-ibidem, 18 de marzo de 2005) es la primera mujer en España en realizar trabajo de campo arqueológico de envergadura, lo que le es posible gracias a su padre, Juan Cabré Aguiló, al que acompaña y con quien colabora en numerosas ocasiones. Estudia Filosofía y Letras en Madrid (1928-1932) y realiza los cursos de doctorado (1932-1933) en el año en el que participa como estudiante en el Crucero Universitario por el Mediterráneo de 1933. Será profesora ayudante en el Departamento de Arte (1933-1934) y profesora del Instituto Escuela. Realiza una estancia de investigación en Hamburgo y Berlín en 1934 con una beca de la Junta para la Ampliación de Estudios e Investigaciones Científicas, estudiando con algunos de los mejores prehistoriadores del momento, y en 1935 acompaña a su padre, también becado por el mismo organismo, a visitar los museos más importantes de Alemania. Vuelve a la docencia universitaria como profesora- encargada del Curso elemental de Historia del Arte Griego y Romano (1935-36) asociándose entre 1937 y 1939 al Centro de Estudios Históricos de la JAE en Madrid. Tras su matrimonio no vuelve a ejercer. Su investigación se centra en la Edad del Hierro céltica de la Meseta Norte.;Arqueóloga;no;Marzo;-;-;España;-

Gertrud Dorka (19 de marzo de 1893-14 de febrero de 1976);1893;19-mar;Gertrude Dorka (1893-1976) fue una antropóloga, arqueóloga alemana y la primera mujer directora del museo de la prehistoria de Berlín.Al acabar su doctorado le ofrecieron un puesto en el museo de Kiel con la condición de hacerse del partido nazi, pero no quiso.;Antropóloga;no;Marzo;-;-;Alemania;-

Achillina Bo, mejor conocida como Lina Bo Bardi (5 de diciembre de 1914 - 20 de marzo de 1992);1914;20-mar;"Un 5 de diciembre nació la arquitecta moderna y diseñadora Achillina Bo, más conocida como LINA BO BARDI (1914 -1992). Nació en Roma, Italia. Se graduó en el Liceo Artístico Mamiani (1933) y se licenció en la escuela Superior de Arquitectura (1939). En 1940 se fue a Milán con el arquitecto Cario Pagani, con quien realizó además proyectos de interiorismo. Tras alcanzar una cierta notoriedad abrió su propio estudio que en 1943 es destruido en un bombardeo. Entonces asumió con Carlo Pagani la subdirección de la revista Domus y fundaron Quaderni di Domus. Con Raffaele Carrieri crearon el semanario de arquitectura ""A Cultura della Vita"". En esos años participó en la resistencia a la ocupación alemana. En 1946 se casó con Pietro Maria Bardi y se trasladaron a Brasil (donde se nacionalizó). Allí realizó las obras de acondicionamiento de un edificio para transformarlo en el Museo de Arte de Sáo Paulo. En 1948 se asoció con el arquitecto Giancarlo Palanti y creó el Studio dArte Palma dedicado al diseño industrial de mobiliario, realizando proyectos de interiorismo. En 1950 cofundó con su marido la revista Habitat. Proyectó el edificio Diarios Associados en Sáo Paulo y el Museo de Arte en Sáo Vicente entre otros. En 1957 se doctoró en la Universidad de Sáo Paolo con una tesis que es un alegato humanista en defensa de una arquitectura culta y ecológica, basada en los avances técnicos, que es clave en teoría de la arquitectura. Invitada a fundar y dirigir el Museo de Arte Moderno de Bahia, en 1958 se trasladó al Salvador donde fue invitada a impartir el curso Teoría y Filosofía de la Arquitectura en la Universidad Federal de Bahía, y realizó además escenografías para diversas obras de teatro. En 1964, con el golpe militar, volvió a Brasil. Allí continuó con diversos proyectos de arquitectura y de escenografía para cine y teatro. Inició una colección de arte popular brasileño que influiría notablemente su trabajo, resultado de un diálogo entre lo moderno y lo popular, destacando su propia vivienda, Murió en São Paulo un 20 de marzo. Cartel hecho por @pilar_terron #LinaBoBardi #Arquitectura #Diseño #MujeresEnCiencia #womeninsteam #NoMoreMatildas #mujeresconciencia #concieMcia #taldíacomohoy";Arquitecta Diseñadora;si;Marzo;Cartel el 5 de diciembre;-;Italia;-

Jane Trefusis Forbes, Lady Watson-Watt (21 de marzo de 1899-18 de junio de 1971);1899;21-mar;Lady Watson-Watt (21 March 1899 – 18 June 1971), known as Jane Trefusis Forbes, was a businesswoman and the first director of the Women's Auxiliary Air Force (1939–43). Jane Trefusis Forbes fue una de las mujeres más famosas en el Reino Unido durante la Segunda Guerra Mundial. Comandante de la Fuerza Aérea Auxilar Femenina (Women’s Auxiliary Air Force o WAAF), Forbes luchó toda su vida por la integración de la mujer en el Ejército Británico.Katherine Jane Trefusis Forbes nació un 21 de Marzo de 1899 en Chile, aunque de nacionalidad británica debido a que en aquellos momentos su padre se encontraba trabajando en Sudamérica. Al mando de más de 175.000 mujeres voluntarias en la WAAF durante la Segunda Guerra Mundial, Forbes trabajó de manera excelente como su comandante en jefe organizando las defensas antiaéreas en las Islas Británicas, realizando tareas administrativas, revisando los aviones de la Real Fuerza Aérea Británica (Royal Air Force o RAF), plegando paracaídas, izando globos cautivos, operando en los radares, preparando la comida de los soldados, curando heridos o transportando tropas y materiales. Uno de sus papeles decisivos fue en la Batalla de Inglaterra cuando Forbes junto a sus voluntarias femeninas ofrecieron un apoyo logístico muy importante a pilotos y aviones en los aeródromos y pistas improvisadas, jugándose la vida en muchas ocasiones ante los bombardeos contantes de la Fuerza Aérea Alemana (Luftwaffe). Terminada la Segunda Guerra Mundial en 1945, Forbes continuó trabajando en diversas asociaciones y movimientos a favor por el ingreso de las mujeres en las fuerzas armadas, algo que pudo permitirse gracias a que heredó el Observatorio de Pitlochry de su fallecido tío George Forbes. Curiosamente Jane permaneció soltera hasta 1966, cuando con 67 años de edad, se casó por vez primera con Robert Alexander Watson-Watt, uno de los inventores del radar y que había conocido a Forbes en la Segunda Guerra Mundial, con quién compartiría el resto de su vida.El 18 de Junio de 1971 Jane Trefusis Forbes falleció de un ataque al corazón a la edad de 72 años. Dos años después, en 1973, moriría su marido Watson-Watt, siendo los dos enterrados en el Cementerio de la Iglesia de Pitlochry.Con la muerte Jane Forbes, muchas mujeres inglesas seguirían su ejemplo y exigirían prestar el servicio militar. Sería finalmente el 1 de Abril de 1994, cuando el Ejército Británico equiparó los mismos derechos tanto para hombres como para mujeres en sus fuerzas armadas.;aviadora;si;Marzo;-;-;Inglaterra;-

Alejandra Jáidar Matalobos ( 22 de marzo de 1938 - 22 de septiembre de 1988);1938;22-mar;Alejandra Jáidar ( 22 de marzo de 1938 - 22 de septiembre de 1988) fue una física y divulgadora mexicana. Fue la primera graduada en física en México, entre 1958 y 1964 fue coordinadora de los laboratorios de física en la Facultad de Ciencias de la UNAM, realizó investigaciones en el Instituto de física de la UNAM, donde desempeñó el cargo de jefa del Departamento de Física Experimental en 1985 y fue coordinadora fundadora de la colección de libros “la ciencia desde México” publicada por el Fondo de Cultura Económica​. Actualmente la Sociedad Mexicana para la Divulgación de la Ciencia y la Técnica (SOMEDICyT) entrega el Premio Nacional de Divulgación de la Ciencia “Alejandra Jaidar” y el auditorio del Instituto de Física lleva su nombre .Su investigación se centró en la manera de aplicar métodos y técnicas de física nuclear como herramientas de análisis en otros campos de la física.;Física, divulgadora;no;Marzo;-;-;México;-

Amanda Jones (19 de octubre de 1835 -31 de marzo de 1914);1835;23-mar;Un 23 de marzo de 1880 la poeta, activista por los derechos de las mujeres e inventora AMANDA T. JONES (1835-1914), patentó un quemador de aceite como combustible.Nació en Nueva York (EEUU) y era la 4ª de 12 hermanos. Empezó trabajando como maestra a los 15 años, pero lo dejó 4 años después porque publicaban sus poemas en revistas.Desarrolló junto a Leroy C. Cooley el proceso Jones, un método de envasado al vacío para conservar los alimentos perecederos y de temporada sin cocinarlos, lo que mejoró su calidad en comparación con los productos enlatados. En 1873 obtuvieron 3 patentes en relación con su proceso (el aparato de conservación de fruta, la descripción del método de conservación y las bombas de vacío del proceso) y, en 2 más ella sola (para jarras de frutas hechas a la medida). En 1880 patentó un quemador de aceite como combustible. En su empresa, Women's Canning and Preserving Company, fundada en 1890, sólo empleaba a mujeres. Decía: «esta es una industria de mujeres. Ningún hombre votará nuestras acciones, realizará nuestras transacciones, llevará nuestros libros, se pronunciará sobre los salarios de las mujeres, supervisará nuestras fábricas. Demos a los hombres cualquier trabajo que sea adecuado, pero mantengamos el poder de gobierno. Esta es una escuela de formación empresarial para mujeres trabajadoras, tú con todas las demás. Aquí hay una misión, que se cumpla»Al quebrar en 1893, se fue a Kansas con sus hermanas. Volvió a escribir, pero siguió trabajando en inventos para conservar y envasar de forma segura alimentos húmedos, secos, deshidratados y líquidos y en el quemador de aceite obteniendo nuevas patentes.Tras la Guerra de Cuba, la Marina de EEUU inició la transición de los barcos de carbón al petróleo y publicó en 1904 un informe comparativo del carbón y el petróleo cuya revisión técnica le encargaron.Murió de gripe en Brooklyn, Nueva York.Fue incluida en Who's Who in America de 1912-13 y de 1914-15.Escribió 5 libros de poemas, una autobiografía.Cartel hecho por @pilar_terron#AmandaJones#feminismo#MujeresInventoras#MujeresEnLaIndustria#MujeresEnCiencia#womeninsteam#NoMoreMatildas#mujeresconciencia#concieMcia#taldíacomohoy;Inventora;si;Marzo;Cartel el 31 de marzo;-;EEUU;-

Anna Clua Villas (24 de marzo de 1995);1995;24-mar;Anna Clua Villas (24 de marzo de 1995) estudió la licenciatura en Farmacia en la Universidad de Barcelona. Mientras era estudiante, durante varios veranos realizó prácticas en diferentes laboratorios de la Facultad y también en el Instituto de Química Avanzada de Cataluña (IQAC). Este interés en pasar horas y horas en el laboratorio, diseñando y experimentando, discutiendo los resultados con el grupo, la llevó a comenzar su doctorado en 2019. Su investigación se basa en la búsqueda de métodos que mejoren y evolucionen los tratamientos para el cáncer. Para hacerlo, usa la nanotecnología. Diseñe y evalúe moléculas capaces de transportar medicamentos que destruirán las células tumorales. Estructuras tridimensionales hechas de ácidos nucleares, como el ADN y el ARN, que por un lado se pegan a la droga y por el otro reaccionan con receptores de membrana celular para meter la droga en la célu ¡Un método innovador y muy eficiente! La quimioterapia se basa ahora en la entrega de una multitud de medicamentos que afectan las células tumorales, pero también el resto de células, produciendo muchos efectos secundarios. Con esta técnica las consecuencias negativas serán menores ya que solo las células malignas se verán afectadas! En su último año de tesis, Anna está en Nápoles, en la Università degli Studi di Napoli Federico II, permaneciendo en el grupo de investigación liderado por Daniela Montesarchio. Continúa con tu línea de investigación y aprovecha la oportunidad para conectarte. En un futuro, después de presentar la tesis, su objetivo es conseguir una beca postdoctoral para seguir haciendo investigaciones, ya sea en Barcelona, Europa o Estados Unidos! Además de investigar, ha sido entrenado en muchos campos. Incluso para impulsar uno de los besadores que ha descubierto recientemente, la revelación científica. Ella es apasionada de explicar su día a día como investigadora, su trabajo y lo importante que es para la sociedad. Cuando se quita la bata viaja, cocina y hace deporte, es cinturón negro según DAN de taekwondo! Anna Clua Villas Facultad de Farmacia y Ciencias de la Alimentación UB #UBdivulga #farmacia #nanotecnologia;Nanotecnóloga;si;Marzo;-;annaclua._;España;-

Frances Glessner Lee (25 de marzo de 1878 - 27 de enero de 1962;1878;25-mar;Frances Glessner Lee (25 de marzo de 1878 - 27 de enero de 1962 fue una médico forense estadounidense que revolucionó el estudio de la criminalística. También fue la fundadora del departamento de medicina legal de la Universidad de Harvard, el primer programa de estudios dedicado al estudio de la medicina forense en Estados Unidos. LA MADRE DE LA MEDICINA FORENSE. fue una médico forense estadounidense que revolucionó el estudio de la criminalística. Nacida en el seno de una familia acomodada, tuvo prohibido el acceso a la universidad por ser mujer. Siempre quiso ser médico o enfermera, pero eran roles que la sociedad de la época no consideraba adecuados para alguien de su posición. Tuvo que esperar a la muerte de su hermano para iniciar sus estudios. Tenía 52 años. En 1931, junto a George Burgess Magrath, convirtió el Departamento de Medicina Legal de Harvard en un centro de formación de médicos forenses, siendo el primer programa de estudios dedicado a este área en EEUU. Tres años más tarde, crearon la Biblioteca Magrath de Medicina Legal. Comenzó a escribir informes sobre los casos sin resolver en los que plasmaba las causas y circunstancias e incluso dio un paso más allá: los recreó en dioramas (maquetas que muestran a figuras humanas como punto central de su composición) para ayudar a la policía a aclararlos. Así surgieron los ‘Nutshell studies of unexplained death’, matriz del programa universitario. Estos escenarios de muertes inexplicables presentaban la reconstrucción en miniatura de una historia completa (homicidios, suicidios, muertes accidentales…) y representaban a las víctimas reales de la época (principalmente mujeres y personas sin recursos). Llegó a crear hasta 19 dioramas y miles de objetos en miniatura. Dotó cada escena con el más mínimo detalle: tejía medias, hacía cigarrillos rellenos de tabaco, fabricaba cerraduras de puertas y ventanas… Los materiales de cada uno de ellos costaba entre 3.000 y 4.000 dólares. Este método de investigación, muy útil para resolver algunos casos en las décadas de los 40 y 50, fue pionero en la criminalística y la llevó a ostentar el título de capitana honorífica de la policía del estado de New Hampshire, siendo la primera mujer que formaba parte de la Asociación Internacional de Jefes de Policía. #FrancesGlessnerLee;Médica Forense;si;Marzo;Cartel el 27 de enero;-;EEUU;-

 Magdalena Mouján Otaño (26 de marzo de 1926-17 de julio de 2005);1926;26-mar;La matemática Magdalena Mouján Otaño (1926-2005) nació un 26 de marzo.En la década de los años 1960, entró a formar parte de la Comisión Nacional de Energía Atómica y fue una de las primeras personas en trabajar con la computadora Clementina. Parte de los cálculos realizados con ayuda de ese ordenador se utilizaron en la construcción del reactor RA1.Se dedicó a la docencia y escribió varios relatos de ciencia ficción. En 1968 se publicó su relato Gu ta gutarrak, considerado como el relato argentino de ciencia ficción más reeditado.;Matemática, Divulgadora;no;Marzo;-;-;España;-

Cécile Vogt-Mugnier (27 de marzo de 1875 – 4 de Mayo de 1962);1875;27-mar;CÉCILE VOGT-MUGNIERUn 27 de marzo nació la neuróloga francesa Cécile Vogt-Mugnier (1875-1962). Fue una de las primeras mujeres admitidas en estudios de medicina obteniendo su doctorado en Paris en 1900 aunque no recibió su licencia médica hasta el 16 de enero de 1920 y una de las pocas mujeres que se adentró en el mundo de la investigación neuronal de principios del siglo XX.En 1899 se casó con el neurólogo Oskar Vogt y se trasladaron a Berlín, donde fundaron el Neurologische Zentralstation con el objetivo de averiguar qué estructuras celulares y moleculares conformaban la consciencia humana. Ambos estaban convencidos de que cada fenómeno psíquico posee un fundamento anatómico, con su origen en el cerebro. Cécile Vogt, junto a su marido, desarrolló las primeras cartografías detalladas del cerebro humano sentando las bases de la neurociencia moderna. Toda su investigación y su gran colección de cortes del cerebro humano la realizaron con un dispositivo especial que ellos mismos habían diseñado, el «pantomicrótomo». A pesar de sus logros, el reconocimiento de Vogt-Mugnier fue mínimo y trabajó la mayor parte de su vida sin compensación, teniendo que vivir de las ganancias de su marido. Solo entre los años 1919 y 1937 ocupó un puesto formal y remunerado como científica en el Instituto Kaiser Wilhelm, siendo su puesto como jefa de departamento nombrado como profesora extraordinaria. En 1924, Vogt-Mugnier se convirtió en coeditora del Journal für Psychologie und Neurologie (Revista de Psicología y Neurología) junto con su esposo. En 1932 fueron elegidos en la Academia Alemana de Ciencias Leopoldina en Halle, la más alta distinción académica otorgada por una institución en Alemania. Cécile fue nominada al premio Nobel de medicina en 9 ocasiones.El síndrome de Vogt-Vogt, una alteración de la atetosis que ocurre en la infancia, recibe el nombre del matrimonio de neurólogos. Cartel hecho por @pilar_terron#CécileVogt-Mugnier #neurología #Medicina #SheStem #womeninstem #MujeresEnCiencia #womeninsteam #girlsinstem #girlsinscience #NoMoreMatildas #mujeresconciencia #concieMcia #taldíacomohoy;Neuróloga;si;Marzo;-;-;Francia;-

Agnódice (s. IV a.C.);-;28-mar;"Un 28 de marzo descubría Agnodice tras leer ""La medicine dans l'Antiquité grecqueet romaine"" de Helen King.Agnódice (s. IV a.C.) vivió en Atenas, Grecia. Era una médica especializada en el embarzado y el parto. Tuvo que fingir que era un hombre para poder estudiar y ejercer su profesión";médica, partera;no;Marzo;-;-;Grecia;-

Julia Dempsey (14 de mayo de 1856 - 29 de marzo de 1939);1856;29-mar;La enfermera y administradora de hospitales Julia Dempsey (1856-1939) nació un 14 de mayo.Más conocida como Sister Mary Joseph, trabajó en el Hospital Saint Marys a partir de 1890 y se convirtió más tarde en su enfermera jefe y asistente quirúrgico de William J. Mayo.Fundó la Escuela de formación de enfermeras del Hospital en 1906.Descubrió lo que hoy en día se conoce como nódulo de la Hermana María José, un nódulo palpable que sobresale en el ombligo como resultado de la metástasis de un cáncer maligno en la pelvis o el abdomen.;Enfermera;no;Marzo;-;-;EEUU;-

Alexandra Olaya Castro (30 de marzo 1976);1976;30-mar;La física teórica Alexandra Olaya Castro (1976) nació un 30 de marzo.Profesora Asociada en el Departamento de Física y Astronomía del University College de Londres, es conocida por su trabajo en física cuántica biomolecular, en particular por su investigación sobre los efectos cuánticos en la fotosíntesis.En 2016 fue galardonada con la Medalla Maxwell del Institute of Physics, una de las mayores distinciones de la física teórica, siendo la primera latinoamericana en obtenerla. El reconocimiento le fue concedido por “sus contribuciones a la teoría de los efectos cuánticos en los sistemas biomoleculares, en particular, a la comprensión de las interacciones excitón-vibración y la aparición de un comportamiento cuántico no trivial en los complejos fotosintéticos”.;física teórica;no;Marzo;-;-;Colombia;-

Eva Mameli Calvino (12 de febrero de 1886 - 31 de marzo de 1978);1886;31-mar;La botánica Eva Mameli Calvino (1886-1978) nació un 12 de febrero.Eva Mameli Calvino (nacida Giuliana Luigia Evelina Mameli,12 de febrero de 1886 - 31 de marzo de 1978)Licenciada en matemáticas por la Universidad de Cagliari (1905) y en historia natural (1907), en 1915 obtuvo la libre docencia en botánica: fue la primera mujer en Italia en obtener este permiso en esta disciplina.Casada con el agrónomo y botánico Mario Calvino (sus hijos fueron el escritor Ítalo Calvino y el geólogo Floriano Calvino), trabajó junto a él en la Estación Experimental de Floricultura “Orazio Raimondo” dirigida por su marido.Comenzó a escribir sus más de doscientas publicaciones en 1906, y lo hizo sobre varios temas, entre los que se encuentran la liquenología, la micología, la fisiología vegetal o la fitopatología.;botánica;no;Marzo;-;-;Italia;-

null

